1-800 Plumber + Air & Electric of Amarillo,Amarillo,TX,jashreiner@1800plumber.com,1,1,,,WP
24-7 Electrical and Air,Fort Worth,TX,shane@24-7electricalsvcs.com,1,,,,WP
"Aardvark Electric, Inc.",Atlanta,GA,penina@aardvark-electric.com,1,1,1,,SF
AC Electrical Contractors Ltd.,Toronto,ON,,1,,,,SF
ACS Home Services,Tampa,FL,jcabrera@acshomeservices.com,1,,,,WP
Adam Quenneville Roofing & Siding Inc,South Hadley,MA,aqrs@live.com,1,,,,WP
Adis Electric LLC,Plano,TX,adis@adiselectric.com,1,,,,WP
All Points Electric Ltd,Brandon,MB,,1,,,,SF
Allen Electric Company,Memphis,TN,ahamling@allenelectricinc.com,1,,,,WP
"A-Lumination Electric, Inc.",Orlando,FL,steveo@a-lumination.com,1,,,,SF
AME Electric Co,Fort Worth,TX,tlanderson2100@sbcglobal.net,1,,,,WP
American Standard Electric,Edmond,OK,ase@cox.net,1,,,,SF
"Amp Champ, Inc.",Collingwood,ON,,1,,,,SF
Amps & Volts Electric Inc.,Valparaiso,IN,kurt.k@ampselectric.com,1,1,2,,SF
AMS Electrical,Farmington Hills,MI,amselectricaldiv@gmail.com,1,1,2,,WP
"Arrow Electric, Inc.",Garland,TX,mark@arrowelectric.net,1,,,,WP
"Asbury Electric, LLC",Gloucester,VA,daniels@asburyelectric.net,1,,,,SF
Baker Brothers Plumbing & Air,Mesquite,TX,jdale50@bakerbrothersplumbing.com,1,1,,,SF
Barnett Electric LLC,Oklahoma City,OK,michael@barnettelectrical.com,1,,,,SF
Beaver Electric,Hillsboro,OR,ron.k@beaverelectricnw.com,1,1,2,,WP
"BeeZee Electric, Inc.",Mundelein,IL,irina@mybeezee.com,1,,,,SF
"Bel-Red Electric Service, Inc.",Redmond,WA,tim@belredelectric.com,1,,,,SF
Big Family Electric,Baton Rouge,LA,seth@chandlerservicesllc.com,1,1,4,,SF
"Black Hills Heating & A/C, Inc.",Olympia,WA,mike@blackhillsinc.com,1,,,,WP
"Blue Crest Electric, Ltd",Abbotsford,BC,,1,,,,SF
Boca Electrical Works,Boca Raton,FL,lou.garlobo@bocaelectricalworks.com,1,1,4,,SF
"Bonham Electric, Inc.",Sacramento,CA,bonhamelectric@gmail.com,1,,,,SF
Boulden Brothers,Newark,DE,tboulden@bouldenbrothers.com,1,1,,,SF
Brad Brown Electric,Ardmore,PA,brad@bradbrownelectric.com,1,1,2,,WP
Brad Morris Electric,Tyler,TX,bmorriselectric@sbcglobal.net,1,,,,WP
"Brothers Plumbing & Heating, Inc.",Thornton,CO,lynn@brothersplumbing.com,1,,,,SF
"Brubaker, Inc.",Lancaster,PA,gwb@brubakerinc.com,1,,,,SF
Burly Girl Electric,Sonora,CA,burlygirlelectric@gmail.com,1,,,,WP
Buzz Electrical Services Inc.,Farmington,AR,dale@hillark.com,1,,,,SF
"C & R Electric, Inc.",Curtis Bay,MD,n.neary@c-relectric.com,1,1,1,,SF
C&T Electric LLC,Alexander City,AL,bobby@candtelectricllc.com,1,,,,SF
"Captain Electric, Inc.",Pickering,ON,,1,,,,WP
"Centerline Services, LLC",Kingsland,TX,jeffm@centerlineservices.net,1,,,,WP
Clinton Electric Co. Inc.,Timonium,MD,mike@clintonelectric.com,1,,,,SF
Coffin Electric,Granger,IA,chris@coffinelectric.com,1,,,,SF
Colonial Electrical Services,Newport News,VA,glen@colonialva.com,1,1,1,,SF
"Current Electrical, Inc.",Spokane Valley,WA,current.eh@gmail.com,1,,,,SF
Custom Electrical Services LLC,Clive,IA,ron@customelectricalia.com,1,,,,WP
D&J Electrical Svc LLC,Pahrump,NV,service@djelectricalnv.com,1,,,,WP
"Dailey Company, Inc.",College Station,TX,cdailey@daileycompany.net,1,,,,WP
Dalcon Electric,San Jose,CA,dave@dalconelectric.com,1,,,,WP
Damyans Electric,Hopkins,MN,mattdam26@gmail.com,1,1,1,,SF
Deep Electric Inc.,Orlando,FL,help@deepelectric.com,1,,,,WP
Discount Service Electric,Murrieta,CA,dean@cecgroup.com,1,,,,WP
"Dixie Electric Co., Inc.",Montgomery,AL,john@dixieelectricco.com,1,,,,SF
Doctor Electric,Churchville,NY,matt@doctorelectricservices.com,1,,,,WP
"Dr. Watts Electric, Heating & Air",Belton,TX,james@drwattselectric.net,1,1,2,,SF
Dream Team PA,Media,PA,gareth@dreamteampa.com,1,,,,SF
Eagle Electric of Seattle LLC,Seattle,WA,flashelectricseattle@comcast.net,1,,,,WP
Eastland Electric,Lincoln,RI,eastlandelectric35@gmail.com,1,,,,WP
Easy Electric LLC,Spokane Valley,WA,easyelectric23@yahoo.com,1,,,,WP
"Edge Electric, Inc.",Yamhill,OR,karaweber111@gmail.com,1,,,,WP
EH Haines Electric Corporation,Long Beach,NY,info@ehhaineselectric.com,1,,,,SF
"Electric Today, Inc.",Brandon,FL,jonpolizzi@ettampa.com,1,1,4,,SF
Electric Work Force Inc.,Hillside,IL,electricworkforce@gmail.com,1,0,0,,WP
Electrical Connections,Stuart,FL,mike@eleconnections.com,1,,,,WP
Electrical Connections LLC,Gaithersburg,MD,gcastillo@electricalconnectionsllc.com,1,,,,WP
Electrical Experts,Easthampton,MA,david@easthamptonelectric.com,1,1,2,,SF
Epic Electrical Enterprise,Spokane,WA,epic.ee@live.com,1,1,2,,SF
Erkies Electrical Heating & Air,Palm Springs,CA,dane@erkiesheatingandair.com,1,1,1,,SF
"ESP Electric, Inc.",Lakewood,CO,joe@espelectric.com,1,,,,SF
ESP Electrical Contractors Inc.,Parma,OH,rick@espelectrical.net,1,,,,WP
Ever-Ready Electric,Santa Maria,CA,frank@everreadyelectric.com,1,,,,SF
Ewing Electric Co.,Charlotte,NC,lexrarnold@gmail.com,1,,,,WP
FixMatic Electric,Farmington,NM,audie@fixmatic.com,1,,,,SF
FMJ Electrical Contracting,Philadelphia,PA,malikcrawl@gmail.com,1,,,,SF
Force Electric,Tampa,FL,sam@forceelectricservice.com,1,1,2,,SF
"Fornoff Electric, Inc.",Thousand Oaks,CA,mark@fornoffelectric.com,1,1,2,,WP
G&H Electrical,Douglasville,GA,ghelectric@gmail.com,1,,,,WP
Gator Electric and Comm Inc,West Palm Beach,FL,briley@gatorelectric.us,1,1,2,,WP
GB Electric,Fresno,CA,david@gbelectricinc.com,1,,,,WP
GB Electrical Services LLC,Mint Hill,NC,greg.gbes@gmail.com,1,,,,WP
"Gilmore Electric, LLC",Bryan,TX,patrick@gilmoreelectricbcs.com,1,,,,SF
"Hadden Electrical Services, LLC",Bloomfield,CT,royce@haddenelectrical.com,1,1,2,,WP
Harrison Electric,Plymouth,MN,tony@harrison-electric.com,1,1,1,,SF
"Hawkins Electric Service, Inc.",Laurel,MD,eric@hawkinselectric.com,1,,,,WP
HDi Power & Controls,Screven,GA,treddish.hdi@outlook.com,1,,,,SF
HedgeHog Electric,Hurricane,UT,sbarlow@hedgehogelectric.com,1,,,,SF
"Hero Services, LLC",Knoxville,TN,todd@goheroservices.com,1,1,,,WP
Hi Tech Electric Service,Roseland,NJ,hitechelectric2012@gmail.com,1,,,,WP
Hi-Lite Electric Inc.,Woodbridge,ON,,1,,,,SF
Hochstatter Electric,Moses Lake,WA,sparky@hochelectric.com,1,,,,WP
"Home Service Electrical, Inc.",Springfield,MA,todd@hselectricco.com,1,,,,SF
Home Team Electric,Yucca Valley,CA,frank@hometeamelectric.com,1,1,2,,SF
HomeOps,Port Jefferson,NY,craig@callhomeops.com,1,,,,SF
Home-Pro Electrical Services Inc.,Maryhill,ON,,1,,,,SF
Houston Electric,Cypress,TX,1houstonelectric@gmail.com,1,,,,WP
"Iddings Electric, Inc.",New Holland,PA,shawn@iddingselectric.com,1,1,1,,SF
"In Phase Electric, LLC",Oconomowoc,WI,shawn@trustinphase.com,1,,,,SF
JDV Electric LLC,Aston,PA,joe@jdvelectric.com,1,1,2,,SF
"JMC Electrical Services, Inc.",San Jose,CA,jmclarkelectric@gmail.com,1,,,,SF
"Joe Dickey Electric, Inc.",North Lima,OH,ecarlson@dickeyelectric.com,1,,,,SF
Johnson Electric,Lawton,OK,pjohnson@johnsonseleclawton.com,1,,,,WP
Kalahari Electrical Services LLC,Lawrenceville,GA,jan@kalahari-electrical.com,1,1,2,,SF
"Kanon Electric, Inc.",Milton,WA,jim@kanonelectric.com,1,1,2,,WP
Kelley Electric PA1 Corp,New Tripoli,PA,jaykelley1986@yahoo.com,1,1,4,,WP
Kival Electric Ltd,Calgary,AB,,1,,,,WP
Knee's Electrical Service,Marion,IN,kneeselectric@gmail.com,1,1,1,,WP
"Kruger Electric, Inc.",Stewartville,MN,kvkruger@charter.net,1,1,1,,SF
"Labbie Electrical Contractors, LLC",Delmar,NY,labbie.ele@gmail.com,1,,,,WP
LC Lighting & Electrical,Palm Desert,CA,lclivesparky@gmail.com,1,,,,SF
Live Wire EPS,Garden Grove,CA,livewireeps@gmail.com,1,,,,WP
London Road Electric Co.,Cleveland,OH,dave@londonroadelectric.com,1,,,,WP
"Los Gatos Electric, Inc",Campbell,CA,jim@losgatos-electric.com,1,,,,SF
"Loughlin Electric, Inc.",Franklin,MA,jim@loughlinelectric.com,1,,,,SF
Martella Electric,Broomwell,PA,martellaelectric@rcn.com,1,,,,SF
Master Electrical Services,Ogden,UT,brett@masterelectrical.com,1,,,,SF
"McColl Electrical Services, LLC",Firestone,CO,john@mccollelectric.com,1,,,,WP
"McNeer Electrical Contracting, Inc.",Bossier City,LA,dwaxley@mcneerelectric.net,1,,,,SF
Metro Electric Engineering Technologies,Romeo,MI,jbrewer@metroelect.com,1,,,,SF
Mike Diamond Services,Culver City,CA,ericphace@gmail.com,1,,,,WP
Milestone Electric,Garland,TX,gus@milestoneelectricdfw.com,1,,,,SF
Mission Electric,Tulsa,OK,rex@rexelectricok.com,1,,,,WP
Mitchell Electric LLC,North Sioux City,SD,darcie@mitchellelectric.com,1,1,1,,SF
MMi Electrical Services Inc.,St. Albert,AB,,1,,,,SF
MZ Electric,Littleton,CO,keith@mzelectric.com,1,1,3,,SF
"New Electric, Inc.",Eagle,CO,jay@newelectriccolorado.com,1,,,,SF
"One Call Electrical Services, Inc.",South Plainfield,NJ,mark@onecallelectrical.com,1,,,,SF
Ongaro & Sons,Santa Rosa,CA,ernie@ongaroandsons.com,1,,,,SF
OnTime Service,Hoover,AL,kerry@ontime59.com,1,1,3,,SF
Ozarks Electrical & Plumbing,Cabool,MO,,1,,,,SF
"Pacific Coast Electric, Heating & Air",San Jose,CA,kim@pcehvac.com,1,1,2,,SF
Pass Electric Inc.,Red Deer,AB,,1,,,,WP
"Patriot Electric USA, Inc.",Avon,IN,tj@peusainc.com,1,,,,WP
Paul Macrina Electrical,Medfield,MA,paul@pmacrina.com,1,,,,SF
Pendleton Electric Co.,Pendleton,OR,canderson@pendletonelectric.com,1,,,,WP
"Phase NW, LLC",Tukwila,WA,gene@phasenw.com,1,,,,WP
Positricity Electric,Clearwater,FL,kurt@positricity.com,1,1,2,,SF
Power Pros,Gilroy,CA,thane.powerpros@gmail.com,1,,,,SF
"Power Pros, Inc",Springdale,PA,dwessel@mypowerpros.com,1,,,,WP
Precision Electrical Co. Inc.,Kingsport,TN,jeff@precisionelect.net,1,,,,SF
Premiere Electric,Newport,KY,tbaynum@zoomtown.com,1,,,,SF
Principle Electric,Ridgeland,SC,principleelectric@gmail.com,1,,,,WP
Professional Electrical & Controls,Edmonton,AB,,1,,,,WP
Quality Electric Service,Murfreesboro,TN,qes@bellsouth.net,1,,,,WP
R&W Electric Inc.,Texarkana,AR,roger@randwelectric.com,1,,,,WP
Ray Brown Electric,Fairfield,CT,chrisbrown33173@yahoo.com,1,,,,WP
Red Star Electric Corp.,Congers,NY,redstar1222@gmail.com,1,,,,SF
"Roman Electric, Plumbing, Heating &",Milwaukee,WI,gervr@romanelectric.com,1,1,3,,SF
RP Tedeschi Electrical Service,Wellesley,MA,welectrician@gmail.com,1,,,,WP
"RV Electric Co., Inc.",Glenville,PA,rvelec@embarqmail.com,1,,,,WP
S&M Electric,Prescott,AZ,smelect@gmail.com,1,,,,WP
Safe and Sound Electric LLC,Greenwich,CT,john@safeandsoundelectric.com,1,,,,WP
Safe Electric LLC,Columbus,OH,mwehrle24@yahoo.com,1,1,2,,SF
Salt Light & Electric,Round Rock,TX,john@saltle.com,1,1,3,,SF
"Saturn Electric, Inc.",Rochester,MI,rondavis@saturnelectric.net,1,,,,WP
"Sentry Electric, Inc.",Lincoln,NE,brian@sentryelectric.com,1,,,,WP
Service Stars Inc,Danbury,CT,jjohnson@yourservicestars.com,1,,,,SF
SharpLine Home Services,Utopia,TX,dmazurek@sharplinehomeservices.com,1,,,,SF
Shocking Difference LLC,Olympia,WA,darrell@shocking-difference.com,1,1,2,,WP
Singer Vaughn Electric,Kettering,OH,info@singervaughnelectric.com,1,,,,WP
Solarator Electric,San Antonio,TX,solarator@hotmail.com,1,,,,SF
Southern Electric LLC,Spring Hill,TN,jay@callsouthernelectrictoday.com,1,,,,SF
Spark Electrician Services,Auburn,NH,justin@spark-nh.com,1,,,,SF
"Speck Family Electric, LLC",Sparta,TN,speckfamily2@gmail.com,1,,,,SF
"Streb Electric, LLC",Eastlake,OH,iwirit@sbcglobal.net,1,0,0,,SF
Sylvester Electric Inc.,Tewksbury,MA,info@sylvesterelectric.com,1,1,3,,SF
The Electrician,Sparks,NV,theelectrician1@gmail.com,1,,,,SF
The Gentlemen Plumbers,Calgary,AB,,1,,,,SF
The Happy Outlet,Carson City,NV,jesse.o@thehappyoutlet.com,1,,,,SF
Tim Kyle Co. Electrical Services Inc.,Westminster,MD,tzkyle@comcast.net,1,,,,SF
"Timely Electric, Inc.",Virginia Beach,VA,toddkletz@yahoo.com,1,,,,WP
"Tingley Electric Services, Inc",Natick,MA,vincent@tingleyelectric.com,1,,,,WP
Top Flight Electric Inc,Eagle Lake,FL,billy@topflightelectric.com,1,,,,WP
"Towles Electric, Inc.",Dover,DE,nvsebastian@outlook.com,1,,,,WP
Travis Electrical Service LLC,Clarksville,TN,chris@traviselectricalservice.com,1,1,2,,SF
"Travis Electrical Services, LLC",Lafayette,LA,psl5303@yahoo.com,1,,,,WP
Triple T Electric Inc.,Sumter,SC,tripletelec@ftc-i.net,1,,,,SF
Urban Design Solar,Chico,CA,sean@urbandesignsolar.com,1,,,,WP
Varsity Electric,Lacey,WA,ryan@varsityelectric.com,1,,,,SF
"Wes Carver Electrical Contracting, Inc.",Lansdale,PA,wes@wescarverelectric.com,1,1,2,,SF
Western Integrated Electrical,Burnaby,BC,,1,,,,WP
"Whatcom Electric & Plumbing, LLC",Blaine,WA,whatcom.e-p@live.com,1,,,,WP
WikiWiki Solar & Electric,Wailuku,HI,shane@wikiwikielectric.com,1,,,,SF
"WireCraft Electric, Inc.",Shoreline,WA,josh@wirece.com,1,,,,WP
WireNut Home Services,Colorado Springs,CO,turban@thewirenut.com,1,1,1,,SF
WireOne LLC,Pleasant Hill,IA,jake@wireoneiowa.com,1,1,2,,WP
Wooding Electric,Santa Clara,CA,scott@woodingelectric.com,1,,,,WP
,,,,183,46,86,,
